1,1,sunt aut facere repellat provident occaecati excepturi optio reprehenderit,quia et suscipit\nsuscipit recusandae consequuntur expedita et cum\nreprehenderit molestiae ut ut quas totam\nnostrum rerum est autem sunt rem eveniet architecto
1,2,qui est esse,est rerum tempore vitae\nsequi sint nihil reprehenderit dolor beatae ea dolores neque\nfugiat blanditiis voluptate porro vel nihil molestiae ut reiciendis\nqui aperiam non debitis possimus qui neque nisi nulla
1,3,ea molestias quasi exercitationem repellat qui ipsa sit aut,et iusto sed quo iure\nvoluptatem occaecati omnis eligendi aut ad\nvoluptatem doloribus vel accusantium quis pariatur\nmolestiae porro eius odio et labore et velit aut
1,4,eum et est occaecati,ullam et saepe reiciendis voluptatem adipisci\nsit amet autem assumenda provident rerum culpa\nquis hic commodi nesciunt rem tenetur doloremque ipsam iure\nquis sunt voluptatem rerum illo velit
2,5,et ea vero quia laudantium autem,delectus reiciendis molestiae occaecati non minima eveniet qui voluptatibus\naccusamus in eum beatae sit\nvel qui neque voluptates ut commodi qui incidunt\nut animi commodi
2,6,in quibusdam tempore odit est dolorem,itaque id aut magnam\npraesentium quia et ea odit et ea voluptas et\nsapiente quia nihil amet occaecati quia id voluptatem\nincidunt ea est distinctio odio
2,7,dolorum ut in voluptas mollitia et saepe quo animi,aut dicta possimus sint mollitia voluptas commodi quo doloremque\niste corrupti reiciendis voluptatem eius rerum\nsit cumque quod eligendi laborum minima\nperferendis recusandae assumenda consectetur porro architecto ipsum ipsam
2,8,voluptatem eligendi optio,fuga et accusamus dolorum perferendis illo voluptas\nnon doloremque neque facere\nad qui dolorum molestiae beatae\nsed aut voluptas totam sit illum
3,9,asperiores ea ipsam voluptatibus modi minima quia sint,repellat aliquid praesentium dolorem quo\nsed totam minus non itaque\nnihil labore molestiae sunt dolor eveniet hic recusandae veniam\ntempora et tenetur expedita sunt
3,10,dolor sint quo a velit explicabo quia nam,eos qui et ipsum ipsam suscipit aut\nsed omnis non odio\nexpedita earum mollitia molestiae aut atque rem suscipit\nnam impedit esse
3,11,maxime id vitae nihil numquam,veritatis unde neque eligendi\nquae quod architecto quo neque vitae\nest illo sit tempora doloremque fugit quod\net et vel beatae sequi ullam sed tenetur perspiciatis
3,12,autem hic labore sunt dolores incidunt,enim et ex nulla\nomnis voluptas quia qui\nvoluptatem consequatur numquam aliquam sunt\ntotam recusandae id dignissimos aut sed asperiores deserunt
4,13,rem alias distinctio quo quis,ullam consequatur ut\nomnis quis sit vel consequuntur\nipsa eligendi ipsum molestiae et omnis error nostrum\nmolestiae illo tempore quia et distinctio
4,14,est et quae odit qui non,similique esse doloribus nihil accusamus\nomnis dolorem fuga consequuntur reprehenderit fugit recusandae temporibus\nperspiciatis cum ut laudantium\nomnis aut molestiae vel vero
4,15,quasi id et eos tenetur aut quo autem,eum sed dolores ipsam sint possimus debitis occaecati\ndebitis qui qui et\nut placeat enim earum aut odit facilis\nconsequatur suscipit necessitatibus rerum sed inventore temporibus consequatur
4,16,delectus ullam et corporis nulla voluptas sequi,non et quaerat ex quae ad maiores\nmaiores recusandae totam aut blanditiis mollitia quas illo\nut voluptatibus voluptatem\nsimilique nostrum eum
5,17,iusto eius quod necessitatibus culpa ea,odit magnam ut saepe sed non qui\ntempora atque nihil\naccusamus illum doloribus illo dolor\neligendi repudiandae odit magni similique sed cum maiores
5,18,a quo magni similique perferendis,alias dolor cumque\nimpedit blanditiis non eveniet odio maxime\nblanditiis amet eius quis tempora quia autem rem\na provident perspiciatis quia
5,19,ullam ut quidem id aut vel consequuntur,debitis eius sed quibusdam non quis consectetur vitae\nimpedit ut qui consequatur sed aut in\nquidem sit nostrum et maiores adipisci atque\nquaerat voluptatem adipisci repudiandae
5,20,doloremque illum aliquid sunt,deserunt eos nobis asperiores et hic\nest debitis repellat molestiae optio\nnihil ratione ut eos beatae quibusdam distinctio maiores\nearum voluptates et aut adipisci ea maiores voluptas maxime
6,21,qui explicabo molestiae dolorem,rerum ut et numquam laborum odit est sit\nid qui sint in\nquasi tenetur tempore aperiam et quaerat qui in\nrerum officiis sequi cumque quod
6,22,magnam ut rerum iure,ea velit perferendis earum ut voluptatem voluptate itaque iusto\ntotam pariatur in\nnemo voluptatem voluptatem autem magni tempora minima in\nest distinctio qui assumenda accusamus dignissimos officia nesciunt nobis
6,23,id nihil consequatur molestias animi provident,nisi error delectus possimus ut eligendi vitae\nplaceat eos harum cupiditate facilis reprehenderit voluptatem beatae\nmodi ducimus quo illum voluptas eligendi\net nobis quia fugit
6,24,fuga nam accusamus voluptas reiciendis itaque,ad mollitia et omnis minus architecto odit\nvoluptas doloremque maxime aut non ipsa qui alias veniam\nblanditiis culpa aut quia nihil cumque facere et occaecati\nqui aspernatur quia eaque ut aperiam inventore